{
  "cameraUp": [0.24929, -0.2672, -0.93084],
  "initialCameraPosition": [-3.93951, 0.24631, -3.29199],
  "initialCameraLookAt": [-1.01181, 0.18365, 4.45069],
  "position": [0, 1, 0],
  "rotation": [0, 0, 0, 1],
  "scale": [1.5, 1.5, 1.5]
}
